Date,PourcentagePlaintes,ServicesNonOfferts,HeuresFormation,NoteClients,RevenusTotaux,NbChambre,AlertePlaintes
2022-01-01,0.015724609922726583,0.0435149221551058,40.24389719051455,4.1488283624958076,382569.59727242595,208.74,Normal
2022-01-02,0.04911608149840701,0.05365728343526156,34.48630538630575,3.36186670874176,113516.77039153402,257.74,Normal
2022-01-03,0.06980115688107671,0.05631444931514669,55.354392379086754,4.208807920533806,379374.6037172603,253.82,Normal
2022-01-04,0.04806543738150144,0.04799069592510638,42.3036038287954,4.555576994329848,177620.19435777052,199.92,Normal
2022-01-05,0.016765538896710324,0.050934122393110945,22.53440943866784,3.503988948420789,308619.3199191038,290.08,Normal
2022-01-06,0.04603345796497406,0.023557139688866406,97.61883177054298,3.4222309189132947,172322.55217644462,252.84,Normal
2022-01-07,0.031031908398594907,0.043368717239307485,92.4270532094752,3.1019675985157136,307242.0281073651,263.62,Normal
2022-01-08,0.026918076103308125,0.04807407882368981,76.50754139861444,3.089577176662884,375632.03379237995,264.6,Normal
2022-01-09,0.05107107406386062,0.04732162488164406,51.761343018564204,3.1591204715349166,104643.55280228845,274.4,Normal
2022-01-10,0.0928035439658997,0.033715517504311746,69.50396315838393,4.2447662641207735,351249.2179288567,291.06,Normal
2022-01-11,0.09126379354064487,0.035619728356372386,66.90307928833622,3.9654985866301886,411710.8686570857,243.04,Normal
2022-01-12,0.08649759181102595,0.04477854695856599,48.92089865401351,4.168361781414957,287953.59655435267,225.4,Rouge
2022-01-13,0.0678562581181405,0.037478267114289,87.21726872413302,4.980940933172899,521387.92791386484,272.44,Rouge
2022-01-14,0.04337614884362514,0.022311686913430995,29.744355614833104,4.290786732096759,221253.91921305662,221.48,Rouge
2022-01-15,0.09765657722138384,0.02387035056602699,93.80997647324376,4.808668740017165,459548.78501353576,268.52,Rouge
2022-01-16,0.061161157216528456,0.01836229901438319,25.078096101426098,4.693497837799676,95526.91146886496,212.66,Rouge
2022-01-17,0.019856812162338783,0.012383729164549573,49.19135733707454,3.881808308752254,270559.10490136186,266.56,Rouge
2022-01-18,0.014604457542984454,0.004842405447994212,72.21676112839927,4.566260405690118,324314.0560506908,209.72,Rouge
2022-01-19,0.013814383725896303,0.011272593408626679,51.162989195043636,4.665162709105358,237787.8307685691,212.66,Rouge
2022-01-20,0.01575207460590827,0.004487482645916317,91.91228723783463,3.410427617714703,258562.20529969857,253.82,Rouge
2022-01-21,0.06726654729176328,0.003982298303590853,47.46672530440017,3.7428371180526163,295873.9022155906,231.28,Rouge
2022-01-22,0.09210023641733944,0.0330650740873423,52.01883362299853,3.564849952623839,284586.88882569683,290.08,Rouge
2022-01-23,0.017329622615052324,0.01862830456051585,38.55557047998252,4.061548138442965,26944.27240101806,227.35999999999999,Rouge
2022-01-24,0.04879248614356494,0.0478981091228827,59.17869391813231,3.0608613643276015,418123.5722492089,245.0,Normal
2022-01-25,0.06542765475279289,0.017535984518820245,49.06490699304566,5.0768008449573,143001.1931269395,212.66,Normal
2022-01-26,0.04340895856228513,0.05383909469831869,97.02265261587152,4.305173877078787,144110.32099014087,264.6,Normal
2022-01-27,0.09688797186805054,0.04133535177828066,28.710529502309456,3.5630670153711055,510958.2210629517,212.66,Normal
2022-01-28,0.052187194152262355,0.018007440034536228,26.500397403179875,3.2637791432226604,160797.59446695994,289.1,Normal
2022-01-29,0.07582863275900242,0.030440130548085538,32.495228559722634,4.996738403585346,314903.38414969697,249.9,Rouge
2022-01-30,0.03600593893412275,0.009153389892319902,95.95373661197492,4.901787354524304,297763.9080159543,248.92,Rouge
2022-01-31,0.08433359746638892,0.03065274918924125,52.87963488800014,4.143246197120735,421577.9563532438,239.12,Rouge
2022-02-01,0.014438958039566923,0.00154567676934302,78.12111247997314,4.317839671042559,369303.45000299264,243.04,Rouge
2022-02-02,0.035063291514173686,0.019025273867227133,72.01856322287271,4.783346275290955,130616.01917933402,261.65999999999997,Rouge
2022-02-03,0.01569969794979843,0.04184958215706979,86.92618858743957,4.460340396428298,338480.54054099997,250.88,Normal
2022-02-04,0.07347071621192497,0.05041664874080823,45.59571726162441,4.048236707098996,180191.94871151337,248.92,Rouge
2022-02-05,0.021966497993400117,0.046352556847996475,80.4265573622767,3.1451209392686135,414859.1804455126,238.14,Rouge
2022-02-06,0.01307569645562079,0.032201967173007676,42.45543821782621,4.744724037042498,192147.81927757032,276.36,Normal
2022-02-07,0.00861265642250172,0.04352532368277345,48.11704499244224,3.740464770921114,250256.84355695802,210.7,Normal
2022-02-08,0.05552429956933002,0.011980562401800076,85.63104932926288,3.9074408244133605,332755.75278352114,267.54,Normal
2022-02-09,0.031977403597237074,0.03347387317457232,60.169844794968604,3.771621302163002,177325.3151349675,292.04,Normal
2022-02-10,0.03585723777045385,0.02781826833465188,49.2654075689882,3.512724279094539,233117.3969203311,265.58,Normal
2022-02-11,0.051954982329511526,0.04307866733076382,30.923298528090967,3.9441024359866983,247444.71102232637,220.5,Normal
2022-02-12,0.015811151264335684,0.01003416156555384,79.99247691604592,3.547965023726373,202972.4295498852,225.4,Normal
2022-02-13,0.00031037620279571003,0.04179593466296035,77.11911578926757,3.418678510935223,441530.7185915644,267.54,Normal
2022-02-14,0.06174521919810259,0.03579041378464964,22.69550026721216,4.907089347740915,386894.0741136145,255.78,Normal
2022-02-15,0.04298221320059822,0.022235692645052083,63.139716826489014,3.8203854039464424,268454.822766767,273.42,Normal
2022-02-16,0.001413983307699591,0.004356680714661118,49.0717942539506,3.5687015867170615,157428.09837490704,283.21999999999997,Normal
2022-02-17,0.05498876138744949,0.04879895353527546,40.699392783536766,3.4089536721307305,298835.6206033558,243.04,Normal
2022-02-18,0.059656627272585416,0.02731868022103152,69.00858710655712,4.928341621038358,279101.8422597361,216.57999999999998,Normal
2022-02-19,0.09696396134808928,0.03419392691404701,59.95171998106362,4.644501072318565,427422.1413635526,207.76,Normal
2022-02-20,0.010364341457980335,0.03425365873530828,21.274959570947175,3.3336565971081797,60166.594241043655,235.2,Normal
2022-02-21,0.01544542948137918,0.03573127540798655,57.09121816921792,4.750393870776695,210468.25996424846,198.94,Normal
2022-02-22,0.037959115598604376,0.05070971729735957,88.63619858769499,4.1395945758757655,361580.8740689327,243.04,Normal
2022-02-23,0.08346465528103532,0.011645521510873615,33.40044208309682,5.084569548100401,324527.2316996781,292.04,Normal
2022-02-24,0.03170658635054327,0.02420111398555404,37.26063909130604,3.612029876875765,375659.6318277357,276.36,Normal
2022-02-25,0.07154578936469551,0.053218877918545814,38.08661577302757,3.4487425848749806,139028.71403096183,238.14,Normal
2022-02-26,0.009171287566424734,0.05731456499114371,70.74520150010684,4.398557396075108,264595.06583559565,251.85999999999999,Normal
2022-02-27,0.07543966954241954,0.022992909909047666,57.910830413523264,4.5461394456442985,406948.9247717758,254.79999999999998,Normal
2022-02-28,0.060970669735105475,0.03775919529673004,96.31673990148568,4.327937918273737,369919.5913087958,233.24,Rouge
2022-03-01,0.08891067701517122,0.04255418240293567,77.2328523748008,3.9317840126584493,275388.49698334193,258.71999999999997,Rouge
2022-03-02,0.029928635644073984,0.058157742322339785,38.08819149097256,4.740980327730608,435911.7115855582,283.21999999999997,Rouge
2022-03-03,0.05540263316081017,0.005069897680073209,82.28124952377414,4.815140416585691,435553.51774508465,262.64,Normal
2022-03-04,0.08230192018415379,0.028578861846326877,94.52957017302006,4.517696297405149,278116.8731412231,280.28,Rouge
2022-03-05,0.07813938471247524,0.016276745457283293,39.60331884158729,3.3846369011386437,176790.22688825746,287.14,Rouge
2022-03-06,0.07028549288119167,0.033777119277922756,91.59680619108525,3.886262475984264,408887.79858954425,202.85999999999999,Rouge
2022-03-07,0.08697219213215247,0.0490940714695286,59.803402555496916,5.024879219675738,354870.4963088232,248.92,Rouge
2022-03-08,0.07300557349369563,0.04797324670617745,28.951279433361705,4.791291210264054,378104.4814229863,201.88,Rouge
2022-03-09,0.08293983038984881,0.014773768809507273,69.86471474226319,3.398191929824731,288370.1660510527,226.38,Rouge
2022-03-10,0.07125256132333174,0.016174708065115645,21.25090796235096,3.515064728602371,384740.6008961362,245.98,Rouge
2022-03-11,0.051802508054508166,0.03523182206008017,22.51992679025824,4.723698061392996,324811.62848593446,286.15999999999997,Rouge
2022-03-12,0.02162451418027812,0.02524585903929788,61.999566681421484,4.14867951845301,390532.75809237594,286.15999999999997,Rouge
2022-03-13,0.03737787037525543,0.023123422972822667,92.96934830697715,4.752955809144776,231361.63118026117,210.7,Rouge
2022-03-14,0.05466507638041902,0.003191118801515986,35.75059889273524,3.5699356299327376,169660.60415906936,288.12,Rouge
2022-03-15,0.06548369609097923,0.030917692327432352,93.62639277148214,3.7995664006148377,269546.4694401776,242.06,Rouge
2022-03-16,0.08105774603895098,0.026003292208290438,23.645066611217544,4.6957467029107915,228935.48162349133,236.18,Rouge
2022-03-17,0.0763584016201977,0.005019143793562285,68.38289872828496,4.292382757488574,224570.53031699386,222.46,Rouge
2022-03-18,0.02127277868150717,0.019670797543966733,90.79798279735802,3.8333944394533823,257193.53176174464,288.12,Rouge
2022-03-19,0.02028453359588307,0.045018456183610354,24.748320447733924,3.254995107304072,388608.31525051076,260.68,Rouge
2022-03-20,0.006949837563724717,0.03885159951136603,49.81006071696414,3.837891370692928,49136.49978929959,287.14,Normal
2022-03-21,0.03690521652551104,0.04244263588335699,43.83848613891822,3.8791422617452826,199854.2355742814,250.88,Normal
2022-03-22,0.020314062473787878,0.020166032552305223,48.19388826054709,3.6660251567680056,209063.14746720417,262.64,Normal
2022-03-23,0.04877955991767515,0.04665082385098156,72.20714311492786,5.002065488211689,323579.3068022531,265.58,Normal
2022-03-24,0.06929079564088923,0.051740879922254075,46.77253453252425,3.5845962950342787,223270.5250939986,240.1,Normal
2022-03-25,0.020316098469154838,0.03267931919671157,94.73743978490671,4.60915932289637,341852.083942829,222.46,Normal
2022-03-26,0.08553382957097533,0.04386191357169632,21.700750664718534,4.884003833023936,227511.69420409467,267.54,Normal
2022-03-27,0.056343720618863766,0.02693260486900689,67.36278176911591,4.459143188063238,278499.676816124,270.48,Normal
2022-03-28,0.03358881137164382,0.03257926655442982,66.7868935022469,4.019814106186289,317942.5153508414,246.96,Normal
2022-03-29,0.08207540136592904,0.044490998101127416,26.503546487846013,3.6623552555372654,463492.8313304254,196.0,Normal
2022-03-30,0.06300862745941636,0.015089266237080198,97.97976730455932,4.812945774894586,302786.9904758148,282.24,Normal
2022-03-31,0.02222585282000069,0.014098818171625336,40.22138976982762,4.044370747356836,293572.93939421815,238.14,Normal
2022-04-01,0.09356479101456829,0.05361122854521485,22.996732589189058,3.9372079173983185,199419.40184485793,207.76,Rouge
2022-04-02,0.0567304319932144,0.004364535425933204,54.800374220602876,4.763711479791552,242821.45140610368,204.82,Rouge
2022-04-03,0.0366943713767055,0.009598740564989638,33.49224023159713,3.321648841073012,300630.365353674,279.3,Rouge
2022-04-04,0.015084112444218437,0.029034066225456664,93.90525919879371,3.979478824893915,313144.58182181657,276.36,Rouge
2022-04-05,0.08557037281037684,0.009203178537912091,60.74509912180788,4.30056381984628,250336.89303777265,278.32,Rouge
2022-04-06,0.09019315602478407,0.034032912960124104,96.3555038474861,4.889910676253514,496558.5703921013,243.04,Rouge
2022-04-07,0.07095720519644401,0.04273209542806742,54.50851066773785,3.656367952646403,348268.2835487744,247.94,Rouge
2022-04-08,0.044781859224743994,0.02339153762840515,87.21595041468196,3.6263331876848857,293154.3189772178,244.01999999999998,Rouge
2022-04-09,0.03736499877535906,0.0468030720771639,50.52301367504599,4.653074100231129,367120.55882657866,221.48,Rouge
2022-04-10,0.006605691512780236,0.0018886281021363344,84.22133072002575,4.46147818715548,148077.24643727718,235.2,Rouge
2022-04-11,0.006624925218773693,0.007450956190677742,56.59763573606018,3.3484712206390355,274955.2588418746,211.68,Normal
2022-04-12,0.0982655923747636,0.025544738739107644,70.13018846450633,3.220245490690036,510302.3144834287,251.85999999999999,Rouge
2022-04-13,0.10028720598007057,0.0381470013031378,77.96880409547236,4.007272467922661,342900.8255529639,265.58,Rouge
2022-04-14,0.0096420870376797,0.028976399469730102,88.99448851624332,3.1622369385489435,323343.2150056885,223.44,Rouge
2022-04-15,0.002784712052089181,0.009063517905081333,84.63926173903216,3.7171921332720026,395588.38537350175,202.85999999999999,Normal
2022-04-16,0.009781288368132978,0.027385207056886476,40.623916221186356,3.848670324265548,157537.0968704546,274.4,Normal
2022-04-17,0.034670059934317994,0.03173309867939271,63.22551264665513,3.806289254796282,273345.2432317552,281.26,Normal
2022-04-18,0.06490978650239168,0.05174224185631968,65.61722402313865,4.7809735271511675,377748.92431260785,272.44,Normal
2022-04-19,0.08243298346296117,0.050133348088009184,50.80447249708493,3.785310658261743,186046.22548763474,221.48,Normal
2022-04-20,0.02454548990039991,0.011105554169686697,66.99219068562725,4.734881629412097,373319.30987585714,220.5,Normal
2022-04-21,0.0707572430214309,0.057541822984824846,27.852441922616304,3.920776722517407,299308.0722050944,219.51999999999998,Normal
2022-04-22,0.09053752507689618,0.0535268209746643,25.92856647336366,4.801112768649849,395519.4520854797,260.68,Rouge
2022-04-23,0.07196925912814822,0.019551970155272613,82.54136753566007,3.77068969891087,398511.19153545453,268.52,Rouge
2022-04-24,0.006867466682981297,0.012166449020300353,21.40582112323696,4.149752376900183,357544.2516382378,247.94,Normal
2022-04-25,0.033658239496346415,0.056112439314714074,63.9364320992353,4.57767983652747,161642.85915807055,240.1,Normal
2022-04-26,0.08413842090394173,0.05515614601507016,70.4502431231591,3.8832614903441827,236089.47223898632,219.51999999999998,Normal
2022-04-27,0.0348796443730717,0.04350888323223564,58.63594337551975,4.325900863809599,192164.52443229678,293.02,Rouge
2022-04-28,0.09423213935973469,0.03621227997434546,84.70604632417685,5.001117429614005,596480.5775409527,245.0,Rouge
2022-04-29,0.021040569673586564,0.04173422084597148,60.458938614031624,4.763416942965445,346741.43335132475,251.85999999999999,Rouge
2022-04-30,0.09678743163915429,0.023522836236864936,41.72053845742071,3.213978585587081,211522.05767897147,213.64,Rouge
2022-05-01,0.043257207245966295,0.04040305435512293,92.98802403795021,3.15086047021627,426922.87759093865,207.76,Rouge
2022-05-02,0.08220762484661281,0.024126677881609368,40.45443257030624,4.562876189683996,143490.79523874182,197.96,Rouge
2022-05-03,0.07999459853598112,0.05062223994654606,41.756648328396366,3.4854094586676254,192195.95795311162,265.58,Rouge
2022-05-04,0.0796965074339002,0.03371830969444344,41.72702954734841,4.528550675555939,19093.147911675132,283.21999999999997,Rouge
2022-05-05,0.05930999620348008,0.03021920196950002,69.73739006837543,4.675672061432901,316390.7649939688,260.68,Rouge
2022-05-06,0.03658471191894449,0.01962217712584967,77.15701463602022,4.002734975334924,330515.8507324317,278.32,Rouge
2022-05-07,0.036660317172447,0.02702010622000554,94.12093488488486,3.437241508361156,140641.4016754214,264.6,Rouge
2022-05-08,0.03212731143684629,0.05866548302127486,64.80052859232707,3.823880043170366,278907.0343055968,276.36,Rouge
2022-05-09,0.04579820674839809,0.024693731997074902,58.067032564388796,3.7694636567176985,236918.79342554917,266.56,Rouge
2022-05-10,0.0758356507641478,0.05753915944045888,65.32425608976033,4.8018408906918895,310471.3787978034,217.56,Rouge
2022-05-11,0.017441494211912614,0.03723676453072884,34.21832079989954,4.901419255646201,310524.56122888916,239.12,Rouge
2022-05-12,0.09636953890830263,0.005123555863233412,35.02326348445703,3.88262628848023,238464.2128103581,259.7,Rouge
2022-05-13,0.007128031876879787,0.0037931460339940106,54.04933945766241,3.1188594010616795,467145.2233709252,211.68,Rouge
2022-05-14,0.06246881069409262,0.04991813634780711,48.93680853425547,4.242388809225209,500168.67417908384,274.4,Rouge
2022-05-15,0.0700617386918427,0.049632564895899005,73.89116055794574,4.748215272686763,79930.80105581068,231.28,Rouge
2022-05-16,0.10067110520977428,0.021859302294622438,97.73130282962076,3.6319811469706385,435694.33222823497,196.0,Rouge
2022-05-17,0.020630739080410354,0.02934903412112503,90.91310107590748,5.098596496383312,405284.1122497262,271.46,Rouge
2022-05-18,0.08482205254533169,0.046555820386369746,56.19669168228895,3.624638692532127,182444.55532506667,242.06,Rouge
2022-05-19,0.09614209217198189,0.001965777704981217,23.97188003568818,4.230458852916501,408197.63053056883,200.9,Rouge
2022-05-20,0.06601356265349666,0.0387979957693953,55.91282166145217,5.088159209854614,310933.2152415637,243.04,Rouge
2022-05-21,0.018618780679195927,0.056641464425920114,70.18262580213607,4.625245580594477,178031.18754475308,268.52,Rouge
2022-05-22,0.0946134792093688,0.022001874712060516,65.46847578854332,3.3288733948446576,493202.65310453053,293.02,Rouge
2022-05-23,0.06788442188623729,0.0020574531327703554,55.58595558736942,3.749693563371728,22112.148366959987,233.24,Rouge
2022-05-24,0.019474121942263466,0.05270676320642005,30.930552018025143,3.95428070740388,215091.80382183692,216.57999999999998,Rouge
2022-05-25,0.020000175767435516,0.0535920852614578,37.057275090962975,3.2445871912098916,90497.9563366386,223.44,Rouge
2022-05-26,0.06384183326131093,0.054816468442266814,32.41330721535486,4.588111373611403,540011.9386704048,258.71999999999997,Rouge
2022-05-27,0.00817046793048379,0.020142714707871035,41.70778848383826,4.186088647796255,381935.82040119905,284.2,Rouge
2022-05-28,0.07704368960082492,0.005949659685343328,45.37314504789618,4.8638217608032,320392.5274846187,267.54,Rouge
2022-05-29,0.04423279117330178,0.013738900391867632,93.80693811613696,4.378426489550344,304812.3749142841,235.2,Rouge
2022-05-30,0.003301400305306571,0.05072037844218721,24.63453607445928,4.651074342205255,145633.26673137245,245.98,Normal
2022-05-31,0.045413921269604536,0.02091686118314329,50.776120180806075,4.857065226092359,435875.0797407856,236.18,Normal
2022-06-01,0.02138698998606358,0.05242277512104564,89.90145723086344,4.079418339350113,155994.00086487576,246.96,Normal
2022-06-02,0.08520615783704653,0.010784337423794105,71.40856820629037,4.664016618166695,329505.4358361995,229.32,Normal
2022-06-03,0.10032823076280041,0.056996188647776294,71.33132166482882,3.983968984247229,334281.2862001314,214.62,Normal
2022-06-04,0.01981886914089409,0.054458017242407834,48.48062578057741,3.248759277819243,295409.8766227125,234.22,Normal
2022-06-05,0.06553986804577966,0.03505970688779083,42.45902788957139,4.898101116375876,248567.26343170294,237.16,Normal
2022-06-06,0.05394863683139265,0.03057577924432006,81.89153483129232,3.443544693121061,39514.15169462114,211.68,Normal
2022-06-07,0.0039758076934776,0.01339070533371465,92.33285542937287,3.5886898627289416,324445.1270135846,274.4,Normal
2022-06-08,0.05997333593192558,0.008540004254131582,38.43217333112011,4.437650367436208,298563.940566376,281.26,Normal
2022-06-09,0.08288561603899369,0.05074169392836698,40.63709898757703,3.2574359455483135,270516.05403284664,245.98,Normal
2022-06-10,0.043581505431725606,0.015846356342970474,66.30711838824344,3.4225039272014395,403320.5525877746,211.68,Normal
2022-06-11,0.01551852135818427,0.012212057465488162,78.7417967808309,3.4183003835188637,233281.47571749042,202.85999999999999,Rouge
2022-06-12,0.03591609876090747,0.0013752188811460512,89.90543100661488,3.3131328847046073,144275.52591991745,275.38,Normal
2022-06-13,0.08914819824288485,0.05707113433232445,55.087401728622666,4.564492032402293,325138.30343279435,282.24,Rouge
2022-06-14,0.040356187362984644,0.04451048506287004,61.82802190864575,3.4082978836378492,323806.66005935625,243.04,Rouge
2022-06-15,0.017047378424420636,0.011273906740369216,83.56996775745684,4.056295961981606,122265.94647211899,224.42,Normal
2022-06-16,0.08329110987871043,0.032590829163041526,53.17520187509272,3.5322801820283174,228106.3845343139,288.12,Rouge
2022-06-17,0.07057532184182554,0.03721324409243359,65.15549341995487,3.975740877212135,82730.58891632696,270.48,Rouge
2022-06-18,0.012248288716858916,0.04267458954301583,34.93689529989087,4.779867130997205,392042.8564528675,275.38,Normal
2022-06-19,0.06729084570100656,0.04338208141601969,83.78246579274999,5.0532147022627925,419609.7012718497,254.79999999999998,Rouge
2022-06-20,0.016268883329857636,0.012561337090826305,70.25393325216493,3.1605596434959042,273605.69600570755,237.16,Normal
2022-06-21,0.07538554540784145,0.04057016310321146,24.126136155126705,3.5828588741403395,506440.7099310953,214.62,Normal
2022-06-22,0.024643164400558266,0.026517438875065986,63.07175585251219,4.159957597403239,245103.8625533984,220.5,Normal
2022-06-23,0.01233671591511279,0.03491389743035685,89.70699721227703,4.341170041558939,243781.8517791603,276.36,Normal
2022-06-24,0.06439873419804691,0.02874851224222066,94.5569629260796,3.5965385553950835,354556.4305726896,230.29999999999998,Normal
2022-06-25,0.011442930488883498,0.039664041009371646,82.92449506387969,4.450520462164222,446802.1840793834,233.24,Normal
2022-06-26,0.03656688172774557,0.03259562842067861,58.47219459080163,3.6346386007101046,66093.57951573476,281.26,Normal
2022-06-27,0.09009435324425359,0.051447047902830854,50.598583707545934,3.5334023055864963,197745.6098607619,276.36,Normal
2022-06-28,0.0007402608356028684,0.00437900671734575,59.50301404474239,4.774473989171506,155517.9853051368,218.54,Normal
2022-06-29,0.08470363293575453,0.028798685383152098,50.80462075835737,4.8588283845830444,288095.7683569249,235.2,Normal
2022-06-30,0.05148357143009467,0.04847419159442699,97.64882391703878,3.1877902891967977,340137.7081218228,263.62,Normal
2022-07-01,0.027442637259283947,0.01270609231734327,35.12312770131288,3.670955816232406,292769.2087941948,265.58,Normal
2022-07-02,0.01951966311890343,0.0501353226614919,40.05904829387621,4.252918823524382,438069.3397877298,196.0,Normal
2022-07-03,0.08488701829298068,0.007255289959870846,26.292024772737623,4.6286592756901035,244233.09696961907,245.0,Normal
2022-07-04,0.040116667685870896,0.027830833440832477,52.46805024227245,4.303016294503742,333592.56700488797,207.76,Normal
2022-07-05,0.015255097510548571,0.03761013267323453,65.91639606708324,4.733629427742285,409709.29596842476,287.14,Normal
2022-07-06,0.020958430113041465,0.0025650077715985457,76.37283235796201,3.5192254591293315,414987.29113508,290.08,Normal
2022-07-07,0.04231749929070769,0.03696757444273876,33.277729451419106,3.962828816635374,9070.193900553018,290.08,Normal
2022-07-08,0.045120196553410825,0.03904030860193165,71.0699949861116,4.985722668711097,118582.59460666057,224.42,Normal
2022-07-09,0.028421716335739835,0.002016458421155522,50.50546699223798,3.3520804576753402,349928.3227227334,238.14,Normal
2022-07-10,0.0797746319851332,0.011508420112065942,78.32501168958049,3.696757817642545,210034.02418463043,282.24,Normal
2022-07-11,0.08771269501284368,0.001437207660786655,95.77144686320372,4.983529048279825,271643.2865654674,229.32,Normal
2022-07-12,0.10092133212367127,0.03267923316153753,82.21063189516488,3.3147750044992335,385719.9433556533,266.56,Rouge
2022-07-13,0.06565524051631967,0.05010470609252819,68.68870949710774,4.787224646057835,244415.90227941299,240.1,Rouge
2022-07-14,0.0003897643542556555,0.0036751280658052833,29.7562887211542,3.2868107907381257,302193.0474164048,207.76,Rouge
2022-07-15,0.049250640176076506,0.05426622894168826,64.37009887348327,4.131850195684575,396163.5757184062,197.96,Normal
2022-07-16,0.0697808962377652,0.0062181388657416535,97.29739295973245,4.917249021428881,174105.3529215481,211.68,Rouge
2022-07-17,0.0852038969920223,0.045667682432159254,28.937127397502085,4.345373349043657,202648.9265555705,274.4,Rouge
2022-07-18,0.09255894217097352,0.04461366513254816,26.36355016552118,4.514419111172861,257861.64315405092,246.96,Rouge
2022-07-19,0.0940952613077161,0.02798120368450746,31.377740106052002,3.3375087185924555,371542.1910488039,239.12,Rouge
2022-07-20,0.03601341455249648,0.0358989563939291,54.3650955330625,4.072225243073053,157578.91723424417,270.48,Rouge
2022-07-21,0.0058347711741920235,0.02990437407542764,74.09949118751614,4.8427653781418485,316584.6347782321,249.9,Rouge
2022-07-22,0.015201567777595527,0.03741930566193232,97.74955381102222,4.587907385465904,346734.81136701506,230.29999999999998,Rouge
2022-07-23,0.07949099739132749,0.05282432566272503,58.460130994269186,4.718439176828264,178014.7286935774,228.34,Rouge
2022-07-24,0.03752879142468481,0.032985603963957,89.82114769732915,3.478787207267862,152918.6339331228,267.54,Rouge
2022-07-25,0.07224051299434758,0.036101782613689466,82.02347772229308,4.710172123581061,374695.429603434,208.74,Rouge
2022-07-26,0.015965751886628583,0.00741220046124584,46.31190145691998,4.139156104607829,231436.90797540342,213.64,Rouge
2022-07-27,0.06797997105614867,0.01761736853643891,40.06141553451818,4.037130007342716,424982.36542344437,267.54,Rouge
2022-07-28,0.019829797053407955,0.009325516909194892,44.20125552425679,4.827743652962029,233578.17530228276,262.64,Rouge
2022-07-29,0.029167887352246173,0.017393253892805424,57.7865058739692,4.522983503805039,127435.15514665078,292.04,Normal
2022-07-30,0.013832108332024855,0.03865131789210322,52.18067101700032,4.759273647858834,314017.62839421607,284.2,Normal
2022-07-31,0.0066583307056575424,0.033241713815144694,64.38111890966253,5.073740953088129,339403.8336403394,219.51999999999998,Normal
2022-08-01,0.09111805662272462,0.028487901100725695,71.46971774499467,3.6145355801663004,192065.6513853586,283.21999999999997,Normal
2022-08-02,0.08157656783306808,0.04779637405015613,91.64636195850254,3.3656442302490324,272593.50910335593,259.7,Normal
2022-08-03,0.029107571680944425,0.03919164078894284,85.27682755904999,3.7923575365124202,350690.9287526345,240.1,Normal
2022-08-04,0.03730188209385255,0.010977779955894369,80.91936435667992,4.80093154851165,271767.24078717915,223.44,Normal
2022-08-05,0.038253455871674946,6.240620262046476e-05,56.079950865639674,3.546117768874344,278877.28151448513,286.15999999999997,Normal
2022-08-06,0.02882048659835371,0.010300524425255156,63.43166508445547,3.740563801934817,141554.3612297479,265.58,Normal
2022-08-07,0.084312786492844,0.017307896700143828,30.93325085359234,3.60173353386006,413393.3646987033,223.44,Normal
2022-08-08,0.02825322298360376,0.003558153659365489,27.98867366618263,3.587529502026815,309657.1111251796,222.46,Normal
2022-08-09,0.08140151325929704,0.005189105260266031,31.43886428191941,4.530614662294788,400640.86856947234,217.56,Normal
2022-08-10,0.03453658518081653,0.006864332282621941,78.15569339461508,4.300964607752956,460108.1519255077,211.68,Normal
2022-08-11,0.03215077344566101,0.002979742800492626,51.99837342822888,3.579840576842259,657094.6154803728,214.62,Normal
2022-08-12,0.03168687176514674,0.04394664274340309,72.20544135768188,3.445216483807121,250421.92630797674,232.26,Rouge
2022-08-13,0.03729615538915859,0.02869629261897376,53.64658718746398,4.646987980307664,629894.8837222358,232.26,Normal
2022-08-14,0.06833620478717407,0.02294170391655543,79.62803949315254,4.6331754737565936,107795.34571792072,217.56,Normal
2022-08-15,0.024650682392122335,0.046014216240721786,61.710764903581996,3.6692897642906703,308271.19941239455,242.06,Normal
2022-08-16,0.006192123299810304,0.011902397959856818,56.77240861645761,3.820633823400532,316649.74014843197,234.22,Normal
2022-08-17,0.00232517404969092,0.0005575258911855051,58.512926281256284,4.071304080666855,233517.82639431985,218.54,Normal
2022-08-18,0.01981464738018396,0.018170217716453843,86.40503814627377,4.214496335125277,638721.4957440532,217.56,Normal
2022-08-19,0.09737384911885243,0.04516241937857114,88.84806296045561,4.035942238483348,429099.52956683043,284.2,Normal
2022-08-20,0.07006148251110993,0.014252002208290471,78.16635732479305,4.348176910024296,310087.8471883419,228.34,Normal
2022-08-21,0.038888446455000066,0.028063465953051085,55.488303986703286,4.912859024140264,269878.4698045461,274.4,Normal
2022-08-22,0.09298682928236743,0.056448811133936266,66.15692736769127,3.346996826232032,144496.45767520144,271.46,Normal
2022-08-23,0.03599277103183965,0.04854567829496188,39.2701602549751,4.6465359306816065,313083.696896275,271.46,Normal
2022-08-24,0.0917313308113387,0.047527844901519296,36.32458394864043,3.3677530832207307,335173.51952310774,237.16,Normal
2022-08-25,0.07444789248280842,0.005361503870677897,78.19038366431177,3.945989651062915,314364.9911484511,223.44,Rouge
2022-08-26,0.0581717724664594,0.05691533296447697,28.229964005234738,4.210677809800109,366816.49887133937,232.26,Rouge
2022-08-27,0.049152127964520044,0.05291929368903714,46.00068368023686,4.960970463494048,406154.853378435,240.1,Rouge
2022-08-28,0.03617345538855259,0.024449066799071342,95.15366958685426,5.027561513622286,154589.46574578152,293.02,Rouge
2022-08-29,0.05092138378030521,0.008566113928307537,79.18592626220025,4.448086239912449,316138.97811653,249.9,Rouge
2022-08-30,0.023574239147972412,0.016800674528939775,62.878585040448066,4.701105027179965,264587.651399243,241.07999999999998,Rouge
2022-08-31,0.05614372360752536,0.0421370992426991,39.847085120190194,4.8382728848832866,445045.67827611987,248.92,Rouge
2022-09-01,0.00922540217542839,0.02022278580031165,82.36054096971915,3.1816746471877866,144600.10607107228,239.12,Rouge
2022-09-02,0.011427662726977901,0.025110232423039558,68.63273045907097,3.1284305051942245,319612.40482687496,265.58,Normal
2022-09-03,0.06998094983376961,0.04880309388191303,56.06783311411317,4.807172566658477,312282.0511315039,218.54,Normal
2022-09-04,0.025260792764142254,0.017072932175799655,32.176332715002836,3.5180952729227966,397858.2251271324,280.28,Normal
2022-09-05,0.051380404480618674,0.038614809509987885,86.33646060531183,3.546601654493209,270632.3623865367,266.56,Normal
2022-09-06,0.09783519701090206,0.018404077446973904,94.14708269844621,3.3535290849905084,325563.927393877,273.42,Normal
2022-09-07,0.02334512519582751,0.04768222559686698,63.476324991284706,3.3882525291414405,454442.7019511735,211.68,Normal
2022-09-08,0.023199409185995203,0.0011349791351553176,19.782495647227922,4.83508048231997,281310.2524148242,204.82,Normal
2022-09-09,0.010635332096235765,0.023955057075704174,26.27810875318123,3.4028912111146643,362583.94620632695,204.82,Normal
2022-09-10,0.011782466132873905,0.002668204643872868,54.14020241914679,4.91995598800248,409363.9174104286,292.04,Normal
2022-09-11,0.06526216180790144,0.00896063568386416,56.943078135987214,3.0622824992657605,436132.99211816647,290.08,Normal
2022-09-12,0.04242879788850014,0.019466623848181125,71.28029639172098,4.267305600327277,192692.96953807343,274.4,Normal
2022-09-13,0.002919690391907944,0.056793136052225086,83.09035480822787,3.7429907463530885,357198.27249914914,259.7,Normal
2022-09-14,0.007382146882493023,0.002155195390656433,69.81503230299124,3.5356777047394305,499652.5182840778,251.85999999999999,Normal
2022-09-15,0.02814012713482034,0.005582850503131936,41.40257639992376,3.0832684630736527,247982.76161962,291.06,Normal
2022-09-16,0.04664830369371814,0.028466766708745067,45.40098723210123,3.44156232867936,140992.320373577,245.0,Normal
2022-09-17,0.08944963652544313,0.046624269064332965,70.09699175945866,3.6286666209899745,279661.0109020764,274.4,Normal
2022-09-18,0.04367370737068691,0.00966719723357276,31.551505633437674,3.656003140924062,212589.1463832718,237.16,Normal
2022-09-19,0.03977117161233147,0.04915315779934685,57.85204351463622,4.1691578484991805,398576.3558753523,213.64,Normal
2022-09-20,0.0559568699390192,0.028817728008321636,43.1174703712966,3.6170568677060144,367560.9301407473,289.1,Normal
2022-09-21,0.04442580508087155,0.055126249935859635,72.27386107619428,3.8897851227206854,233396.11762263035,278.32,Normal
2022-09-22,0.09521507356276047,0.05729142465951846,89.79229283128915,3.462911485067417,106650.85376651827,243.04,Normal
2022-09-23,0.07534841984262576,0.0338399673082084,50.45439800308442,3.612583454874813,236736.3629658997,256.76,Normal
2022-09-24,0.011068161607482701,0.007673263545777526,35.80202945719245,3.92995526154299,319396.09008537035,201.88,Normal
2022-09-25,0.0363303937469708,0.03755154463641508,79.59898791093913,4.08179811760069,240356.82177157482,206.78,Normal
2022-09-26,0.007800391535435614,0.014550769738108517,66.64552084238193,3.5451750318050457,306834.07236681844,221.48,Normal
2022-09-27,0.020484820171983893,0.011052005170953626,46.2095288541509,3.1144223613405027,705703.6135978918,260.68,Normal
2022-09-28,0.05093335726645628,0.0014241807367236141,95.9711664140393,3.970222180225832,190640.70204149876,206.78,Normal
2022-09-29,0.08508909517973194,0.0023534035933752175,59.1163797182743,3.247578720066674,328553.59585576935,289.1,Normal
2022-09-30,0.01648336480704172,0.05016583058267179,68.4974415407432,3.6411473590788943,123552.53596650918,223.44,Normal
2022-10-01,0.07421048229607025,0.0007252074001910444,91.42802565977368,3.280670183549282,336138.78091887414,235.2,Normal
2022-10-02,0.07175035769898483,0.045462972546636116,93.56299208464605,3.099804522127025,359958.8630732119,222.46,Normal
2022-10-03,0.09938723732737176,0.025983459839456272,73.07959927077403,4.453909236698928,503059.4208518908,275.38,Rouge
2022-10-04,0.07652542658291991,0.006649310671637649,43.31418956044955,4.129520260472765,306314.77942191967,266.56,Rouge
2022-10-05,0.0806027041862914,0.01405568381498126,54.383048387649616,4.732624041971851,307383.90861930326,214.62,Rouge
2022-10-06,0.08250311488694266,0.043976130639114895,65.8871360964479,3.601545171769226,235674.4727905997,291.06,Rouge
2022-10-07,0.032289629545718644,0.026664828710379875,91.9340230374608,4.693157285967423,168757.84008473402,239.12,Rouge
2022-10-08,0.05513863857872073,0.012776593193033385,30.262592808898287,3.559418634490007,323433.7788683519,288.12,Rouge
2022-10-09,0.013739135169359477,0.040806105210772214,90.22570233477396,4.689218476044254,193995.39383295804,241.07999999999998,Rouge
2022-10-10,0.09351960684739401,0.054055278102033116,31.742788517056663,3.6116063379521686,135523.6158157586,204.82,Rouge
2022-10-11,0.030319096844534668,0.05282068691834273,62.70528381225125,4.960274615572689,381552.6027410744,226.38,Rouge
2022-10-12,0.06377906584030986,0.05650178849021463,87.72297579655898,3.5713880235001003,183239.25564517858,288.12,Rouge
2022-10-13,0.053170695933332686,0.026731490096667306,46.6332374096083,3.2499102139633105,57653.22501959692,235.2,Rouge
2022-10-14,0.03350943813134814,0.051893457977419545,88.87317148409869,4.104413183944348,150073.70825491447,264.6,Rouge
2022-10-15,0.09683229915291607,0.035126083298535137,95.41610384063569,3.309624375521929,251990.70532414713,234.22,Rouge
2022-10-16,0.08184842714417345,0.024168404890816855,83.11840397997928,4.374005136939863,251122.11212208,225.4,Rouge
2022-10-17,0.059061698373656456,0.0001477165370329703,46.70817216491719,3.7242672578797054,275358.05183069716,235.2,Rouge
2022-10-18,0.03517715652865792,0.017177410609146546,51.60795577225843,3.4338778948057005,232472.98198809993,200.9,Rouge
2022-10-19,0.03834451164863706,0.010748631823862546,80.55236054781741,3.2218261085809767,192892.90195740055,259.7,Rouge
2022-10-20,0.09745259607557133,0.015614276922156323,44.16055968377446,4.511245782991441,370158.71857237595,245.0,Rouge
2022-10-21,0.09402548820287791,0.016813954403616032,49.79751055037154,4.777736433205125,216434.73035142786,262.64,Rouge
2022-10-22,0.09773214048499462,0.036526303052713684,63.50103684082732,4.92562387252763,175271.83936636292,291.06,Rouge
2022-10-23,0.02860666399418038,0.018942176257325097,35.127276031069236,3.347268930117064,171859.52741746308,196.98,Rouge
2022-10-24,0.07575655459361215,0.017077188934430068,21.54402635376712,3.5051360467135684,423117.42086848477,196.0,Rouge
2022-10-25,0.03841880884975278,0.03387158373224365,91.39659993697852,3.8657402742677305,332191.136390644,250.88,Rouge
2022-10-26,0.07794223463625394,0.004357115740646235,35.32549779458639,3.5313044668419815,386221.84651379165,210.7,Rouge
2022-10-27,0.03892086094778077,0.03544146125538368,42.660674416731794,4.220822297368647,222128.5169111077,278.32,Rouge
2022-10-28,0.08049787531828188,0.026241550672435447,93.40363018707572,3.3928153083843,262730.7392688617,283.21999999999997,Rouge
2022-10-29,0.027370990983142593,0.021173970340515443,96.49031456176108,3.4456277973631257,376471.48655133817,250.88,Rouge
2022-10-30,0.009037770029378688,0.025720955258234906,47.47713757133701,5.072273626072689,272760.05720039946,283.21999999999997,Rouge
2022-10-31,0.0396763944491428,0.04473969849045022,25.699014474933755,4.147245543710146,400575.4026402612,264.6,Rouge
2022-11-01,0.050067992677276234,0.03537788820067695,30.322434324831665,4.194240427460052,333040.3659124047,256.76,Rouge
2022-11-02,0.0419214832467948,0.03163166188926178,35.245908792633394,3.514101734973693,201650.88359823477,264.6,Rouge
2022-11-03,0.007826275958289415,0.018531305777774804,57.14051066676861,4.358594624260304,527966.6504076688,282.24,Normal
2022-11-04,0.06315114032261579,0.03941250604192212,97.81478366765958,4.663317473342497,402281.7435186487,254.79999999999998,Normal
2022-11-05,0.09368809640463713,0.03318224972435959,55.05030187648975,3.7385905402359056,306513.3952975238,246.96,Normal
2022-11-06,0.021949848222331498,0.046299548752086354,38.37167942669333,4.6629077814370765,328331.1847921697,269.5,Normal
2022-11-07,0.05470993977011105,0.05876940231764135,45.18626153045961,4.156489230839739,226454.36554408772,262.64,Normal
2022-11-08,0.05778307730568601,0.008058225255506979,92.9498101355189,4.979055079909849,250758.03375860208,263.62,Normal
2022-11-09,0.0948528646220684,0.0034915748718447343,43.51658760390463,4.816973801922415,143302.0242647511,251.85999999999999,Normal
2022-11-10,0.07547535989884374,0.04640209233073361,79.0596821389675,4.901572873990111,149421.34765932374,226.38,Rouge
2022-11-11,0.09629658285865125,0.004853991386746375,89.37483969011916,3.3240533130501415,210380.40840957747,245.0,Rouge
2022-11-12,0.09740107046317521,0.04476589483048986,64.06272260868161,3.491727091208874,71189.16927298065,263.62,Rouge
2022-11-13,0.0010099856112653382,0.025402976269640602,20.430600990586488,3.8623211997754074,435162.91304279753,216.57999999999998,Rouge
2022-11-14,0.057789723127712155,0.0033420296533391487,28.089602673906708,3.438490813647769,474316.73676099384,208.74,Rouge
2022-11-15,0.020239353404369536,0.04861064948930845,49.26087585531043,4.45675444205763,336908.59963789076,248.92,Rouge
2022-11-16,0.0016291460292194465,0.02529529618117981,48.28025484485605,3.7630890606637446,164913.97107692147,281.26,Rouge
2022-11-17,0.05851583783835564,0.01961110615216349,70.92634437485178,3.3745471984689295,448188.0437019926,214.62,Rouge
2022-11-18,0.10181634945634124,0.0024421195646622358,29.01727685739698,4.83732933414031,160816.52729730366,201.88,Rouge
2022-11-19,0.08545347359170519,0.046517076325032596,22.971768207040693,4.383933057815582,361299.14840582677,223.44,Rouge
2022-11-20,0.024258723724906846,0.010417035521099365,20.61036697316109,4.323733793365488,293111.790988222,280.28,Rouge
2022-11-21,0.04063718242387318,0.016547948390076776,84.53138589347641,3.9049596028026743,433478.38863560115,261.65999999999997,Rouge
2022-11-22,0.04673039117988216,0.0036786241449863,57.29014524200947,4.7521261012986065,145407.84933555502,198.94,Rouge
2022-11-23,0.061327341501364555,0.015343322813721557,28.66430687508011,3.4163785425055253,205060.4924222657,249.9,Rouge
2022-11-24,0.03983983714069485,0.0374431633172447,52.120041795217226,3.539454458595645,393875.2271181246,290.08,Normal
2022-11-25,0.00729854735053745,0.023427969885941254,95.35540038287374,3.5304670116270085,436195.71504476026,243.04,Normal
2022-11-26,0.06981134123535529,0.019057512035887007,84.4395055063152,3.862183814446725,375232.55081901414,285.18,Normal
2022-11-27,0.06881243209043528,0.02862387149507565,24.472943189880727,4.599935679734409,378459.8590907597,233.24,Rouge
2022-11-28,0.0016467515308696786,0.011670850998626069,83.30568665765797,4.649678630985378,544430.5861899861,278.32,Rouge
2022-11-29,0.02674515481523295,0.05454136860101177,69.7529956065628,4.515265136821485,165014.92779068172,293.02,Normal
2022-11-30,0.03368790405547652,0.052117203850007135,93.69940235676546,3.260764833664784,162972.05533849174,263.62,Normal
2022-12-01,0.0024051596330621314,0.023545754670277134,73.29259964956499,3.940303329760282,261507.68236697995,283.21999999999997,Normal
2022-12-02,0.022991931146974738,0.052151441627340055,64.29431196347537,4.160956580380676,334966.2018332138,290.08,Normal
2022-12-03,0.05806989501808921,0.03067503636893525,87.76373190422827,4.03044079858198,269894.32316681935,252.84,Normal
2022-12-04,0.0018524466846610683,0.0062784597908612195,81.54551710718401,3.877399265532139,440893.89770368004,263.62,Normal
2022-12-05,0.0381160046748927,0.04042678694097102,37.16702441099132,4.740316274255557,526063.2209802434,208.74,Normal
2022-12-06,0.014307517634100994,0.028540777066598043,74.58166586641909,3.7802390316032146,377291.9362121967,251.85999999999999,Normal
2022-12-07,0.017325118566344968,0.0017214201039657338,81.62525079338536,3.366869234930502,247349.27924385516,237.16,Normal
2022-12-08,0.03449569442300296,0.02243250649380717,32.34383157601448,4.007416567053894,233797.5472770675,223.44,Normal
2022-12-09,0.055766664597306365,0.005648644240282214,20.612137306776017,4.099495169571075,136565.90462393145,221.48,Normal
2022-12-10,0.030839733552796386,0.05604233488391073,26.523127666756114,3.5796076599101676,367278.2639297921,204.82,Normal
2022-12-11,0.06554238711953224,0.02870668550570878,42.518839028188644,4.275371426202052,266966.98233157024,210.7,Normal
2022-12-12,0.0007361272105236438,0.04813908099451088,83.53720278777206,4.103876389121485,110706.58470407121,223.44,Normal
2022-12-13,0.02952243903095187,0.006297884194788579,23.575334282071083,4.541932463794373,261123.58094436128,238.14,Normal
2022-12-14,0.09591914314361367,0.022059545911575853,38.667963346054634,4.429554631302497,378676.395567507,236.18,Normal
2022-12-15,0.08396693447327536,0.04472836349961904,96.00656671857018,4.319824693557413,308295.56918591994,225.4,Normal
2022-12-16,0.04072731409222237,0.03130072833320667,61.89371280958326,4.9857583754288415,339305.95224383,269.5,Normal
2022-12-17,0.04630922703751563,0.008970822559345332,84.41751461508807,3.55452261410271,268008.3231590484,269.5,Normal
2022-12-18,0.051524690792645954,0.04940650437185624,34.43609334990448,4.490052935864096,430495.18671532004,271.46,Normal
2022-12-19,0.08040083003210702,0.04279359419365968,57.23982079282458,4.344039081428317,219638.921847258,216.57999999999998,Rouge
2022-12-20,0.028431259802983902,0.023878574067670286,72.25121742547839,4.954468680581385,176149.02771281658,277.34,Rouge
2022-12-21,0.022134611975374984,0.03826857512776588,63.971912032277466,3.958141543801559,502759.7923286708,288.12,Normal
2022-12-22,0.07509564147408113,0.0558125248484832,42.13215092581727,4.196261831750292,213883.60466060287,291.06,Rouge
2022-12-23,0.038793402711767115,0.025322143685308825,65.78216322177859,3.350671013212187,267127.71589920716,288.12,Rouge
2022-12-24,0.03590396562590215,0.04501511524712032,24.644893779858762,3.916641536392973,344146.171272423,211.68,Rouge
2022-12-25,0.08203688203162869,0.05453315746146091,93.90057711467777,4.284319625858516,105773.66317618774,265.58,Rouge
2022-12-26,0.03287707679507724,0.02092243071690902,88.85881784447345,3.7647405795407303,412232.0822509079,262.64,Rouge
2022-12-27,0.009889574627175265,0.02225691478061324,81.90349222460456,4.9290677491412245,230627.03900567142,289.1,Normal
2022-12-28,0.05282615347166447,0.023284260649140808,72.94674537641163,4.398980546284449,227450.9186043453,250.88,Normal
2022-12-29,0.06826346473124921,0.013315365791114649,57.11293978808418,4.544954676189102,235185.0829307032,262.64,Normal
2022-12-30,0.09606733154190314,0.028686648384002096,88.41946819423313,4.315738978392164,349069.3783656215,287.14,Rouge
2022-12-31,0.017797231210794528,0.04686322600872735,78.81612066639492,3.62486885372047,191910.01694644525,225.4,Normal
2023-01-01,0.03936778816634681,0.049709305522526726,81.36843160366399,3.8357173846853208,208589.2126109077,215,Normal
2023-01-02,0.055950291902255325,0.0006217398758300341,30.58715676487231,3.0938279348017153,580374.3831368999,204,Rouge
2023-01-03,0.07847020979669944,0.0024564531122331632,24.448783161780803,4.902014375645366,390935.205696421,227,Rouge
2023-01-04,0.016325557404981286,0.008881149124724257,56.889819309679325,3.4989502178491745,245042.84422354377,202,Rouge
2023-01-05,0.02575600049456165,0.020384259853336122,74.13811624058748,4.894623483172203,398914.2850971427,298,Normal
2023-01-06,0.08069637185410582,0.0032293188984621945,58.52601782030089,4.365095195415392,238743.54174883466,223,Rouge
2023-01-07,0.03834543243097582,0.03957076976920985,32.93202853993465,3.266364616699513,240749.2524931063,204,Rouge
2023-01-08,0.039182889982394054,0.03546377302210475,84.23586052062862,3.027322949094181,231763.0174663592,275,Normal
2023-01-09,0.053609904779833156,0.058826928235577586,54.19082300437083,3.7061155683094955,504138.9772064877,262,Normal
2023-01-10,0.04185407983190134,0.005021411570631775,55.84369072264322,4.938240967812939,107797.99531668163,299,Normal
2023-01-11,0.06917118618551431,0.05738705640157386,78.04087571229685,4.683769117833351,436668.24988738843,225,Rouge
2023-01-12,0.011681236977456821,0.021802867031876005,83.7506101208996,4.999034953696128,261865.29472536352,236,Normal
2023-01-13,0.050087393975951904,0.04018226385325835,42.866383407986845,4.364367769329764,405112.9559386615,229,Normal
2023-01-14,0.0004525266836945208,0.006119889290477922,35.5505934036566,4.31010797909535,295261.8801128596,223,Normal
2023-01-15,0.012271524248814792,0.028212510346338218,90.89859353459956,3.108567572521854,430795.9062878515,262,Normal
2023-01-16,0.05896377803999067,0.03687482134792417,64.54026611118783,3.9586360754346925,295059.41072424623,273,Normal
2023-01-17,0.09811875597437028,0.0008524140708057226,53.64497914820336,3.9981442594537078,249975.28994562686,219,Normal
2023-01-18,0.07696206679565054,0.020238050522638756,47.29168171486051,4.65667160870501,433486.4259637726,268,Normal
2023-01-19,0.08457581279501927,0.034741268704132355,88.06485867078649,3.602525703375199,117039.39567516345,239,Rouge
2023-01-20,0.09022016831674115,0.027302258041158264,87.04917589130304,4.049077455809181,221762.47679857205,263,Rouge
2023-01-21,0.09929160402018995,0.04249577028165262,81.14829595247775,4.946428929899934,405661.8624882951,280,Rouge
2023-01-22,0.05538172084515874,0.012009680313263146,38.93423074801483,4.742909474592916,210516.93600922922,281,Rouge
2023-01-23,0.038914875946952025,0.011776279244944989,97.62054449930746,3.8454371397563887,242628.44614053288,211,Rouge
2023-01-24,0.025644837604511805,0.028043060855362397,56.48013091267372,4.291117898644071,292048.7854261386,247,Rouge
2023-01-25,0.09041837415927173,0.02527725372598492,75.17588671617679,3.393584199740845,363201.3738991789,208,Rouge
2023-01-26,0.031524387938220245,0.04511131635338097,40.624477408192554,3.305365669634627,161112.54921362846,278,Rouge
2023-01-27,0.07611586267569864,0.009539049684665596,75.67448144895266,4.875961591241946,256975.9368106111,278,Rouge
2023-01-28,0.012603828257020623,0.019592656596922605,41.25694827885185,4.181985649451121,283593.3337499852,253,Rouge
2023-01-29,0.09346118871281967,0.016962035906083035,73.0965537713942,4.07369348734073,188467.43438244256,254,Rouge
2023-01-30,0.06528809088640006,0.02058752168979229,38.48819784932738,3.38676830546859,248710.1506645507,289,Rouge
2023-01-31,0.03369384189807447,0.015823156233025267,22.341205300234137,4.302583978818162,511220.2132443889,226,Rouge
2023-02-01,0.044974129145375054,0.029787057046656906,26.80524103767956,4.563453383232145,99072.98486738655,217,Rouge
2023-02-02,0.00557349663989426,0.016698104757100086,46.684006882900526,3.1068129088294576,101194.56302492396,234,Rouge
2023-02-03,0.03510114426504285,0.0029567309577386847,35.88024802307076,4.4947826312434795,288450.3574568346,243,Normal
2023-02-04,0.07017917257149117,0.048962662091178624,56.19006377938259,4.003054623057558,229520.25406484143,218,Rouge
2023-02-05,0.01724568794105058,0.03656666193661054,45.12099002520797,4.362569451548677,455948.002978785,262,Rouge
2023-02-06,0.00047872284949285193,0.04491577984827862,35.00412287793615,3.4178956767204327,472732.54144328693,274,Normal
2023-02-07,0.07879388429245245,0.054206597807365524,32.2266334522004,4.377245600940837,274171.61138187826,261,Normal
2023-02-08,0.035512141369311155,0.028674783393200454,42.255159958228035,3.8831959260501216,253405.31691354932,208,Normal
2023-02-09,0.051369299524701297,0.059743887220233965,35.01721342759411,4.479553941827991,410397.2348362515,204,Normal
2023-02-10,0.03021248099891506,0.006886133145419131,34.71968684578598,3.1774970616864042,199852.56072560695,241,Normal
2023-02-11,0.00020069237204547454,0.01013996257268726,64.46261661375122,4.64348151890033,414171.06587894156,253,Normal
2023-02-12,0.035135156271379656,0.011898285908722132,70.75831041124853,4.348898361164337,414642.6367387087,225,Normal
2023-02-13,0.0811699860686314,0.02413843190941737,46.85758397973373,4.149515959226443,210856.41648794946,267,Normal
2023-02-14,0.027347934294558687,0.023324007840534157,65.01537154298092,4.984319184020233,502429.20641524915,206,Normal
2023-02-15,0.05625317029220942,0.059833447351389374,90.0135259707598,3.664681844512301,148634.45883209092,292,Normal
2023-02-16,0.09564661064296923,0.03777751982410642,74.50253314275064,4.727342892993314,457611.93369331595,235,Normal
2023-02-17,0.012193930867892411,0.04431618981262454,95.06330768388527,4.695012773867133,174927.58955952548,241,Normal
2023-02-18,0.010412879591603686,0.04444835749414061,74.91655039611814,3.8352329525615936,439653.44025228504,250,Normal
2023-02-19,0.06230212233374193,0.02391029639953007,67.92283840897429,4.998833646784597,286211.5852003139,216,Normal
2023-02-20,0.046497820343560585,0.049115301845203053,52.0129763905441,4.000083397017554,400498.9149490924,288,Normal
2023-02-21,0.05509820717753287,0.001531639297709062,77.97521223886935,4.553530720309103,427888.54053660465,287,Normal
2023-02-22,0.031106990048078733,0.006472523443515006,20.283335322148837,4.499365147023244,208997.13226961583,212,Normal
2023-02-23,0.016774940669778304,0.009931470505313542,24.964958276551066,3.9618954532241273,314498.7638841134,248,Normal
2023-02-24,0.012937211226111578,0.05035418111052168,40.683427474775115,4.2364866645184245,372594.9322817295,271,Normal
2023-02-25,0.02143802443244852,0.046355607297198356,54.16792392899374,3.3688743850428384,207590.44418391743,202,Normal
2023-02-26,0.020928268523915317,0.04663085355667264,91.58002800751068,4.578200628302406,494106.63441197027,231,Normal
2023-02-27,0.018215376360279246,0.03518421481648941,73.70653280730349,3.6026039339330618,376466.03926766943,200,Normal
2023-02-28,0.05169787812508611,0.036225344456118205,51.6902708688427,4.900098725665616,327201.58151382074,282,Normal
2023-03-01,0.06876305246784005,0.03137717929522326,50.03994465382911,3.6983642474064355,186124.90031993965,239,Normal
2023-03-02,0.03803623918137198,0.0036589499977192005,90.99110998243815,4.29147290906145,257723.1558167532,202,Normal
2023-03-03,0.026150756930148813,0.010721148802457867,88.30795094988221,3.18771873754382,308940.35175115307,246,Normal
2023-03-04,0.06709812505784826,0.025166675868132593,90.38668734961122,4.852264662213777,277739.13051101106,200,Normal
2023-03-05,0.032926624594484415,0.007874071570390918,28.14218905121387,4.297874059257177,267252.02624763176,209,Normal
2023-03-06,0.03161421337785852,0.05538063312430661,75.49490444185909,3.787944139809883,296627.4869899011,258,Normal
2023-03-07,0.036277585284313,0.05364182816343102,79.3509972228517,4.5425578978519585,318190.3632286716,277,Normal
2023-03-08,0.029122052171308824,0.05864844018229203,93.5745454433351,3.016300106670771,375644.74519321445,227,Normal
2023-03-09,0.08685853552734218,0.0067628909517351895,33.67124788236241,3.1584502847194074,156398.16947192352,206,Normal
2023-03-10,0.026268332741819524,0.05296902330134998,46.84777518849536,4.3982716143608656,221597.6413633477,268,Normal
2023-03-11,0.02332114513284228,0.053735418041581516,56.56114661034711,3.4664691841923796,457079.3927298511,282,Normal
2023-03-12,0.07880963070013569,0.04007655487606622,39.287728156769546,4.532271191079775,294788.6237006389,291,Normal
2023-03-13,0.050716876576499204,0.00046451805988733774,62.297558183332605,4.093529927173487,266492.0984393216,273,Normal
2023-03-14,0.052135280892971494,0.02091660798892168,24.86837177456878,4.452744241812741,384480.0760073839,205,Normal
2023-03-15,0.06465914868241406,0.026854453295739725,32.998437692246824,4.577706385010765,330556.7994401683,207,Rouge
2023-03-16,0.03387682427448291,0.03162918320508581,80.69625407116713,3.7648824849053906,376730.7675385309,270,Normal
2023-03-17,0.08845345065848137,0.0516643634731927,76.5217002774036,3.81466193706167,256056.60081742165,277,Rouge
2023-03-18,0.0022769064390306126,0.03744162623518459,25.546680195317528,4.752482896204548,309845.6674858805,236,Rouge
2023-03-19,0.07985985554979906,0.023480100373384143,93.64732678828516,3.99498085963223,190581.46947833197,281,Rouge
2023-03-20,0.010401932179565554,0.04840871934251972,44.08511046350452,3.758113941842811,278419.91130489483,263,Rouge
2023-03-21,0.03603696237017924,0.02492220824505596,23.511777118945687,4.634196324282598,349230.0845592889,284,Normal
2023-03-22,0.04178063486414063,0.013186177308484754,76.1795108887232,3.0931094431670334,280835.4545669339,249,Normal
2023-03-23,0.052070606941324794,0.05674941511753736,81.78027686252099,3.096527480987721,259312.02546904588,241,Rouge
2023-03-24,0.033420564583808765,0.05345428515144297,47.9985528224542,4.773142330264235,172873.59082634575,213,Normal
2023-03-25,0.04997349064632747,0.008749123645280176,20.94355744852784,4.285985700196374,414193.99897361785,273,Normal
2023-03-26,0.04030936508799332,0.04984522623467664,91.99922912285186,3.0352819375729663,411277.1995387003,225,Normal
2023-03-27,0.040007560608873866,0.01491430745370609,75.53484636130855,4.495219335159595,306224.07477700425,266,Normal
2023-03-28,0.0660498342368684,0.034302272009317354,39.11402698336593,4.87909796148803,49409.64180691831,246,Normal
2023-03-29,0.0782361255765705,0.01738023001040248,35.72026649731127,4.872591623773499,343204.91951280215,278,Normal
2023-03-30,0.02028587649953031,0.055211121173008616,84.27790670456328,3.5920719007928623,320532.0080481844,287,Normal
2023-03-31,0.011049083698050632,0.05752976785429673,91.63621077371174,3.46674491169599,384339.8671630052,299,Normal
2023-04-01,0.05761721040427812,0.021864322958131326,71.93022413377675,4.340961197162707,309448.41274450277,241,Normal
2023-04-02,0.042358781837558014,0.018949823790543052,20.036667964522785,3.1014842587844718,182177.70952800752,205,Normal
2023-04-03,0.021892034635162795,0.026629696576263486,23.04677958471047,4.193902442134393,295428.846094234,291,Normal
2023-04-04,0.005533261797593659,0.021950841759643243,64.47154208973458,3.87359176823563,193941.91170062544,200,Normal
2023-04-05,0.06016420339496018,0.014201749361925446,82.53163963387755,4.35667393869819,402256.95913602633,221,Normal
2023-04-06,0.06187563698156019,0.019520570883209087,68.14642621727538,3.035938553304409,463210.5077502073,226,Normal
2023-04-07,0.03928274628769908,0.034805192038308244,30.792656884589917,4.551333052028702,106871.67797053137,260,Normal
2023-04-08,0.005695858780653274,0.04083610912167353,60.722659049648186,4.4422497397615945,414397.5358379066,248,Normal
2023-04-09,0.06412870448651024,0.02106118386294078,63.94235504499311,4.275410990335454,161747.92507752185,214,Normal
2023-04-10,0.06854301422498908,0.03637252732055631,74.06515046220817,4.543940818667819,574994.5119548765,298,Normal
2023-04-11,0.039397995139740294,0.05281958483562173,49.648491734897405,3.49597709711232,430444.6091980759,202,Normal
2023-04-12,0.010894229764420693,0.008403552734338087,61.72762286032601,4.351245658608392,157046.24704124333,278,Normal
2023-04-13,0.08288057042283387,0.019623544621092174,77.59743828201427,3.660883206437562,304151.4760795012,232,Normal
2023-04-14,0.09329738435915011,0.041901892810799084,38.280041415311445,3.9941764195848304,365893.8842780507,261,Normal
2023-04-15,0.03369921233821295,0.041214520447875824,44.364993997525644,3.086225179851338,217471.2055431958,267,Normal
2023-04-16,0.05009895027175537,0.019142753226361494,68.34231208865532,4.724791997292673,136486.2328921244,255,Rouge
2023-04-17,0.021792771075701836,0.048827907380146154,23.679602843403565,3.778529268344784,214268.3678929654,222,Rouge
2023-04-18,0.03087367631595226,0.05358463918778324,33.26801535358521,4.303489623968687,125009.55998929817,298,Normal
2023-04-19,0.015781736232481313,0.05241768057175875,88.36105975588796,4.3452112583440226,306350.2802928197,290,Normal
2023-04-20,0.0898361738678834,0.035315491389070704,20.738260162569524,4.230661441351723,168055.5526147842,299,Rouge
2023-04-21,0.08798434851219536,0.018679590229631296,36.071205426292195,4.973001108912295,338160.49429732445,216,Rouge
2023-04-22,0.07026921297461725,0.054322346914786324,94.10682190494296,4.164144800214697,336315.7991994152,258,Rouge
2023-04-23,0.06837002911141732,0.037676686943276735,96.07838489703812,3.6320047630052783,179193.20672608935,289,Rouge
2023-04-24,0.025897897983376984,0.007566597301277471,45.900725537008654,4.65406233621243,131376.7232249036,280,Rouge
2023-04-25,0.06309069941865435,0.012549220982357496,58.853410402680915,3.768311407496086,324445.632748769,232,Rouge
2023-04-26,0.011257270981517653,0.024360049058706684,86.08995663241403,3.703189504103518,310749.93228311057,229,Normal
2023-04-27,0.061311555620827345,0.04037457089465201,96.67831852049245,4.376315592481016,285680.7888405848,243,Rouge
2023-04-28,0.06125024746402522,0.00548617464782208,23.77699877100283,3.6159553806731477,43067.29742853134,245,Rouge
2023-04-29,0.023702816830827735,0.013507530941618941,82.01045309488566,4.153677576147995,288224.11808789044,210,Rouge
2023-04-30,0.040079401334245396,0.013634186272808501,31.084090053244744,3.8723203051369923,256222.135377858,251,Rouge
2023-05-01,0.008742987969271143,0.04755810092533942,99.10486334447594,4.065890727590913,312452.3241694767,230,Rouge
2023-05-02,0.05510461462733445,0.0016525226295569628,70.46375634119988,4.0383437525899115,450491.132414351,276,Rouge
2023-05-03,0.04759597283952827,0.021042931897230808,46.05024771782827,3.206492650673729,409962.5917080635,212,Normal
2023-05-04,0.05335614436288706,0.01022329136287859,84.21767793107081,3.4003211378770075,340695.82491047174,262,Normal
2023-05-05,0.013996825779462985,0.0006258764767954727,72.19624020773256,3.7239279686366187,200020.50026663495,298,Normal
2023-05-06,0.03586681607575888,0.007557819674857122,34.06063661475936,4.348481721387843,341049.9475813755,283,Normal
2023-05-07,0.09148233193802949,0.029701509130268724,65.92045940921027,4.186955611093079,206378.76377562305,222,Normal
2023-05-08,0.00890333127661358,0.008723187905886215,53.91826093086267,3.402564566889997,400620.64438304066,282,Normal
2023-05-09,0.08833266469812169,0.04578277626710488,70.92394235567293,3.6109601184647713,540436.5523969434,274,Normal
2023-05-10,0.09591655425537093,0.013735664051689769,22.844755739615792,4.2741288042566135,193597.39327757672,201,Normal
2023-05-11,0.023526293707206027,0.01142843454802842,55.365476157625565,4.163696329785374,393899.989969381,298,Normal
2023-05-12,0.09823847716265027,0.04181072996359788,45.928926081312305,3.0865798539242255,417262.8598976899,213,Rouge
2023-05-13,0.015518608167657622,0.01637307518682912,66.03132414316019,3.0468490060425886,275416.0024941732,228,Rouge
2023-05-14,0.0451187132073668,0.03242441434911512,75.99736168928419,3.0969182254383485,170612.54481834918,223,Rouge
2023-05-15,0.05356711623406765,0.0450631485551165,95.16179217471128,4.335444468727163,95049.69046130663,242,Rouge
2023-05-16,0.08782446935844623,0.0537612715235395,25.952274847127104,3.325000295953675,254194.23434060172,288,Rouge
2023-05-17,0.02514102079193833,0.03541669417043402,41.52150365300998,4.205126677189334,269769.6815244729,294,Rouge
2023-05-18,0.09458180147362341,0.050892070608732874,77.01479647860532,4.427074130322087,205169.47518901678,285,Rouge
2023-05-19,0.0377724805148274,0.011478148648852009,30.245360672166548,3.7482031065195733,233501.90261472756,227,Rouge
2023-05-20,0.051188750346213785,0.049715017421990554,51.03517689452023,3.0845594991534178,320992.3199538804,229,Rouge
2023-05-21,0.03748442840530769,0.04354376053077243,88.82386736610212,3.783773337341853,281589.4998795782,249,Rouge
2023-05-22,0.07029358471081934,0.03540058311426851,98.75910672801241,3.246435701450686,410460.68700819643,227,Rouge
2023-05-23,0.062325934361616854,0.01222159205700612,98.4391048009299,3.509923283444266,508957.88900256774,290,Rouge
2023-05-24,0.052241500384887396,0.026218742614112053,33.030308738268204,3.248696947105679,292131.0869748322,244,Rouge
2023-05-25,0.08102846534689033,0.015615926361790287,89.67033123626577,3.697529580522942,369941.03078324,242,Rouge
2023-05-26,0.03167357339525902,0.038834418319360166,64.08022330940024,3.721917828101766,391790.7254469241,256,Rouge
2023-05-27,0.08459202879569575,0.0014540950144102127,49.399104647027166,3.8201752572715333,392602.45762561954,296,Rouge
2023-05-28,0.08379760953670937,0.04300093037220509,45.7724865977866,3.2613812642214084,300253.67225412495,292,Rouge
2023-05-29,0.020862126279359794,0.010638520413393526,79.89278116963762,3.7100791199292518,447458.341078133,231,Rouge
2023-05-30,0.030280375899525327,0.01903147011539185,72.22686372156696,3.914228195424203,53471.98567189812,286,Rouge
2023-05-31,0.03940582930003972,0.016088103862978126,23.00495677198154,3.5736653563627696,465667.17438174726,208,Rouge
2023-06-01,0.0639812927128082,0.041737057602668756,72.06185627202657,3.2656571823045573,356489.04563597625,254,Rouge
2023-06-02,0.041322080692760846,0.04032942060388092,69.84579721626284,4.26240768103178,293532.69741226046,277,Rouge
2023-06-03,0.07617033646371225,0.0457288257350454,51.347768907735414,3.792837238027825,374207.2345384613,277,Rouge
2023-06-04,0.08936718701852236,0.017899927164184773,88.65090464226968,3.1785943710362385,282399.78753785667,287,Rouge
2023-06-05,0.055020987098849485,0.005022261778375237,33.033971810435276,3.3918402197518924,154023.19443719453,271,Rouge
2023-06-06,0.04087747434136864,0.05816794444687137,48.01836107232059,4.575365952469161,345140.7820407195,220,Rouge
2023-06-07,0.040862567426541964,0.015082381526573338,41.13486811488389,3.921589093655882,269618.16916310263,289,Rouge
2023-06-08,0.0056728131264752076,0.0007482679185666563,52.61653809842261,3.998298675645192,264533.94245664834,224,Rouge
2023-06-09,0.07731492765962847,0.046691653690212054,85.01206948212459,4.309937525975945,241728.97098416413,262,Rouge
2023-06-10,0.02669775034663502,0.02007702706722846,23.228788283977437,3.4450552728658526,229199.18509505864,247,Rouge
2023-06-11,0.048600099587199776,0.012309855288970823,32.252339450797784,3.6279068702250585,327585.0308516241,202,Rouge
2023-06-12,0.012740325825862986,0.05896743941333542,49.14024587977571,3.2953115224780603,380414.17281283665,257,Rouge
2023-06-13,0.09395370470086854,0.05346305237377592,39.564992752840446,3.5999305061053377,418050.00979483663,243,Rouge
2023-06-14,0.007460461734818281,0.00988906135104217,88.0617617635144,4.057657120751658,278358.54317779024,295,Rouge
2023-06-15,0.014574947429638186,0.007399960766132356,41.283240673295616,3.9816231041275008,197916.13575435354,249,Normal
2023-06-16,0.022086791562192433,0.0384665724055754,94.17435738598736,4.190483875281135,186206.97877332984,282,Normal
2023-06-17,0.05145620843088298,0.04213694306187196,63.35515868352584,3.391146931140975,344331.968318205,238,Normal
2023-06-18,0.06250529082218305,0.03467821469851834,58.463715216715926,4.98570200305462,524055.8360402686,278,Normal
2023-06-19,0.024422085601944556,0.030933060896438713,27.356201559138906,3.63526221737432,187660.3742917594,266,Normal
2023-06-20,0.006170388595792076,0.03890429336882358,32.73602043488991,4.748528200828122,303480.7215698795,201,Normal
2023-06-21,0.07106626753981729,0.020253909494778524,54.35140729523667,4.80069360324838,278183.6405503314,253,Normal
2023-06-22,0.06207996530468684,0.01894947262129998,64.1042531880598,4.735423986475355,347161.3562662876,200,Normal
2023-06-23,0.06471901111977277,0.057478214004480284,80.61516803893929,4.527815290813964,221263.96176282864,284,Normal
2023-06-24,0.03360811169451102,0.015779882406164986,97.00162725885056,4.104804884382388,192439.28722242574,250,Normal
2023-06-25,0.08695643655418375,0.013498529957825942,57.1444729429544,4.473804060873274,307665.47600425844,279,Normal
2023-06-26,0.08660875145250872,0.023624389081605197,66.09056009411155,3.5621670476151612,262313.2891917088,227,Rouge
2023-06-27,0.013326556562121172,0.038412836939271146,31.161223014467232,3.9674957416645773,200793.4744567811,241,Rouge
2023-06-28,0.04214289952529328,0.03359194896246626,69.95403095477639,3.668064672523921,270489.3925585515,249,Rouge
2023-06-29,0.024643574830222982,0.00875167927426242,80.98741161035238,3.722034308747534,281272.67435550096,267,Rouge
2023-06-30,0.04483646469705188,0.04624347184879222,70.28640879457282,4.183354021499845,435112.9662672074,257,Normal
2023-07-01,0.00798231113793836,0.02988467114815182,35.834088454465196,4.394691430610057,356005.5958111101,240,Normal
2023-07-02,0.026021432006629208,0.059748878077293226,59.32847931757058,3.8636143772161837,362835.72707808873,217,Normal
2023-07-03,0.0473741474784403,0.03909902218744674,45.008696815587,3.4977503128254823,361252.1787076682,230,Normal
2023-07-04,0.07974989872835975,0.01109603252603784,24.83995089492682,4.589635069420774,305405.68701021397,284,Normal
2023-07-05,0.054190504209693804,0.016842450133977747,96.67700816181906,4.418683730111749,247590.04599807115,223,Normal
2023-07-06,0.006661078340029891,0.045481665814219585,83.42268980342165,3.8184496198409525,483342.82989392953,216,Normal
2023-07-07,0.03462945446801307,1.2416809346449398e-06,96.06596902214048,4.058759127882364,414050.86084786867,204,Normal
2023-07-08,0.05462823270175676,0.02594184963444183,83.21179918613586,3.465192844781578,233216.25718577774,276,Normal
2023-07-09,0.030435794524958006,0.034769320250047496,27.058045072508108,4.197795127522741,282982.3718705499,243,Normal
2023-07-10,0.08808529907936541,0.04564199077640221,32.58785427093883,4.523012245176107,219705.4071371522,253,Normal
2023-07-11,0.081304347103514,0.04790396492243547,31.25339477549435,4.921602065375378,196334.30170523538,274,Normal
2023-07-12,0.08047135120403809,0.0425949532642702,71.49636360808607,3.4566230977396035,142779.00411350292,226,Rouge
2023-07-13,0.0908107230713765,0.001142111589658834,25.671962527002307,3.836856571762292,335277.4038278647,290,Rouge
2023-07-14,0.07858351249609022,0.04049616767290757,75.97096857511161,3.714171104625808,279683.37341215374,271,Rouge
2023-07-15,0.090395017424613,0.0025481307075124393,60.05559388128444,4.417036801648977,169946.16193471482,229,Rouge
2023-07-16,0.09766700367078648,0.01881544481109387,99.12915317584756,3.7737077451594665,176370.10316175956,271,Rouge
2023-07-17,0.03457351264078378,0.03239528133215084,53.6801042665462,3.4531938628237304,406927.84352744394,279,Rouge
2023-07-18,0.002490901062010531,0.05576007372831541,81.94743621017999,3.8202366046087124,242890.8169121626,218,Rouge
2023-07-19,0.0049897973282598375,0.05627271007287291,82.16555949608545,4.04848196976046,441753.15435831016,202,Rouge
2023-07-20,0.09100766970289886,0.05375969605079827,55.972316196766705,4.523624664152996,393332.81076362776,267,Rouge
2023-07-21,0.059466595812300106,0.012709038910389589,95.61843868122138,4.868206664186987,188342.66508599615,288,Rouge
2023-07-22,0.016631096917714284,0.03956041751107042,97.8603578307891,4.7257595834935575,310249.1117480605,254,Rouge
2023-07-23,0.08104932063492953,0.04039372475692522,71.5054650879589,4.1295034916238516,315734.7162193207,231,Rouge
2023-07-24,0.04832401994677782,0.010020415019250209,74.21113469714788,3.6872066343607153,591511.0141465431,232,Rouge
2023-07-25,0.06498942066608397,0.03287559292858795,31.025995498401624,3.154021853736926,251630.7795340311,239,Rouge
2023-07-26,0.010642795245505134,0.016054123433255154,98.47196042242244,4.438470076684758,254996.16585933007,256,Rouge
2023-07-27,0.02593342771867453,0.0027664596902728955,58.599679990772316,4.973177666004025,255774.7858603157,237,Normal
2023-07-28,0.02747547008696747,0.059052011922836885,44.0587419615261,4.661625369072517,547561.3865910112,240,Normal
2023-07-29,0.0020925581909646664,0.022375805248343063,73.23550579770719,3.5421403141097354,460048.89919405174,266,Normal
2023-07-30,0.08045294465085737,0.026440734015218476,44.26416095959865,3.606143568497652,197587.61092975124,252,Normal
2023-07-31,0.09157605230550898,0.04164924686323524,48.93955075441163,4.314520836634567,224342.52284606322,255,Rouge
2023-08-01,0.02089474268699485,0.003379271717814036,82.56329735729283,4.817952911516212,143135.25603984558,213,Normal
2023-08-02,0.009181113363732774,0.039859572496569906,57.531641158759506,4.470365065371232,229418.52116479457,287,Normal
2023-08-03,0.02362997705291804,0.01848609074209243,30.961801327878,4.8061291169684885,320632.023738166,201,Normal
2023-08-04,0.035266780614092295,0.008474155983457117,99.92497333369977,4.123388384365206,404885.63939675275,244,Normal
2023-08-05,0.08217216503844016,0.0368227651004146,87.57073065480482,4.404913635899721,535715.8278556366,247,Normal
2023-08-06,0.08241194929846263,0.00844362964123853,55.974014871168485,4.904132109017555,354351.1842907302,203,Normal
2023-08-07,0.08926004011442285,0.049970415470307616,46.80010477600994,4.3728723434010135,360849.90679974505,248,Rouge
2023-08-08,0.039484742832136877,0.004713047446197618,57.17809033759072,3.5195173585419273,360614.63284141844,240,Rouge
2023-08-09,0.013684921846554522,0.02806210549317425,76.75033248130804,4.879680446790155,394723.7508050998,232,Normal
2023-08-10,0.030283943702041863,0.046264588326611546,40.22414221103298,4.2513595985684685,325790.06472537655,211,Rouge
2023-08-11,0.022976164747513142,0.0170993482275224,74.68467251243322,4.697004384272349,195053.18913160847,298,Normal
2023-08-12,0.007507085799961133,0.041770010052968445,59.197840274086545,4.427739008659909,163980.68705487016,238,Normal
2023-08-13,0.04914216686967228,0.026208259235295094,35.56792014182606,3.409734884081527,297057.597100197,255,Normal
2023-08-14,0.0751091827764395,0.056912737744819156,99.50687982216452,4.011472555951324,89344.54787881958,263,Normal
2023-08-15,0.08526826136965503,0.009162749358855644,94.97157700196314,3.941124078792593,115718.6441379262,260,Rouge
2023-08-16,0.03491741212747317,0.03833265885177882,39.55928643866598,4.871827202873237,308225.79020048236,226,Rouge
2023-08-17,0.004802350081387208,0.04126597045074317,29.719670648063996,3.8503099796178355,231193.2304569575,254,Normal
2023-08-18,0.0902465952221731,0.03402695672419866,96.48863277945266,4.357302057515428,438436.4334340839,213,Normal
2023-08-19,0.053935512519421205,0.05095817600427919,61.02700764593958,4.818565920579202,469432.5432610167,260,Normal
2023-08-20,0.02511685232910006,0.014967539220504323,83.41565307979944,3.905675001543156,459575.22493387066,271,Normal
2023-08-21,0.05552512512239042,0.0017056436382749094,57.383738597513414,4.72579279092238,329199.50999539933,273,Normal
2023-08-22,0.04020469092610555,0.03818121671267354,50.41824702552641,3.312934198609253,180357.1201442026,273,Normal
2023-08-23,0.01438084617121187,0.0458807015808186,70.20054760393363,4.53740073895759,489692.7530180089,256,Normal
2023-08-24,0.055016021020476494,0.04648300880042729,43.01565752936958,3.6320592513243026,458215.87538807106,273,Rouge
2023-08-25,0.08648054954306528,0.03707615876335963,27.49431265859485,4.588954891363789,314995.05833878735,250,Rouge
2023-08-26,0.05367999731364709,0.02552331022445052,85.09124403705292,3.777996962132669,570285.3788497646,243,Rouge
2023-08-27,0.039634697256833024,0.041226584946806075,34.703407692582985,4.122607600917883,473145.8549285076,292,Normal
2023-08-28,0.09244564829616388,0.020434691627290558,46.1840904505692,4.018987687294341,332947.62135198317,262,Rouge
2023-08-29,0.026463923744260678,0.05081092850915071,83.30002457530536,4.7474375811239025,321261.6502999796,212,Rouge
2023-08-30,0.03958976582654771,0.02553491957654522,60.77202624925475,4.8713535165581145,258291.76706874627,227,Rouge
2023-08-31,0.05337345031248676,0.014689782297130928,38.58382874402754,3.024394277090657,298913.6259495849,218,Rouge
2023-09-01,0.006750185072871318,0.018775179558104083,68.76229222740608,3.456589262752595,217793.6358809066,269,Normal
2023-09-02,0.06863342886130797,0.017019348846778255,20.568757557634232,4.980501501506213,304221.5526194902,223,Rouge
2023-09-03,0.007919959312138436,0.013343464078762494,51.45036889687752,4.630823179358041,228118.81875764363,244,Normal
2023-09-04,0.015256421374401086,0.034771996779737836,20.90446965603728,4.212110654330082,379422.8519129155,244,Normal
2023-09-05,0.046276113528074564,0.005502768966462372,30.558775140118986,3.2186872555065094,219179.14992701312,201,Normal
2023-09-06,0.03606237860936614,0.02305517626267657,44.54666258565454,3.125827668589346,312311.75803610974,248,Normal
2023-09-07,0.04046304643541537,0.013274341766659703,84.53312331895104,3.346866680846548,204613.75364246816,266,Normal
2023-09-08,0.0006901049730529297,0.05517519714149246,88.96643696020718,4.64713633445612,120210.84281699726,223,Normal
2023-09-09,0.06695136213390249,0.017571254474538996,25.189272848090187,3.9623074184534146,260524.75080711552,267,Normal
2023-09-10,0.0634469794544262,0.0395600640321553,66.15698323560565,4.7635016820769405,299844.68325712037,230,Normal
2023-09-11,0.08240067835426257,0.047983605491489174,89.82208167544685,3.94327689144004,298442.60082299105,297,Normal
2023-09-12,0.011777306278445832,0.026186619743439693,42.560229368588665,3.614726313355959,305417.93466410844,276,Normal
2023-09-13,0.011364485002450153,0.0052005777419056294,39.89285836858052,3.157757658158311,449005.0858549041,217,Normal
2023-09-14,0.031059793478179876,0.04933388594869749,25.546610457712397,4.363774155820076,328380.9896167044,221,Normal
2023-09-15,0.09797897677423514,0.01342734623603443,68.14530249363597,4.500627685973384,265964.68567074946,208,Normal
2023-09-16,0.0551238498638165,0.0007312081187287833,36.247333061875366,3.85868698389915,199956.63675480662,241,Normal
2023-09-17,0.04875435186101911,0.05831529073767126,50.84729969605185,4.1316015535472586,323264.5255468546,291,Normal
2023-09-18,0.06613902400269507,0.02649857795952675,24.830705107679194,4.289592064811025,385696.5088011669,286,Rouge
2023-09-19,0.05790206424008714,0.05528670909841796,65.15449979491044,4.756751849564198,263908.0625356799,231,Rouge
2023-09-20,0.07602454598578706,0.038173961415499336,82.47288174481238,4.355916932307488,136573.13720815018,274,Rouge
2023-09-21,0.025139602337252844,0.00789263910726029,80.55707719966577,4.9205973492722705,445320.56188588275,282,Rouge
2023-09-22,0.03301733664073183,0.018470310927368647,90.4934399451823,4.794132324788684,158966.50325213445,201,Rouge
2023-09-23,0.02579514239068237,0.02936283687663949,34.35872636596451,4.899901020346124,138613.77420130774,246,Normal
2023-09-24,0.020538814076610946,0.04395865016639535,72.19999803152396,3.7618736271060973,137047.307013769,260,Normal
2023-09-25,0.04980064932322845,0.025075359837520836,20.17113760379256,3.338194050430421,227111.59294848744,298,Rouge
2023-09-26,0.09283296342122185,0.05633775227416219,41.5385356316954,4.369976923935639,357489.62663211406,230,Rouge
2023-09-27,0.0026134535977958787,0.04680666333049663,94.08487615994241,3.7887741957615124,723512.9609651997,257,Normal
2023-09-28,0.04052119104469505,0.04235948901263632,63.05532950612475,4.567434475817019,272498.5496148601,241,Normal
2023-09-29,0.016327729794870294,0.05242238282970771,60.900074024415105,3.0947458434406387,291414.4306355668,215,Normal
2023-09-30,0.09816580115428486,0.01924593738921516,24.73926642998815,3.21586150926455,204962.20184935717,243,Normal
2023-10-01,0.02005962927667524,0.008322447997652284,84.78906878165851,3.003403119641344,474273.62921026285,256,Normal
2023-10-02,0.003512164005014029,0.039298804940381335,68.48536388019932,3.6477414863620403,447396.54579803336,287,Normal
2023-10-03,0.03519699416243092,0.006440646498499158,62.18539289714837,3.497002284999869,279942.9352978638,234,Normal
2023-10-04,0.02494388358608153,0.02297760088574985,89.03969926321876,3.665675596852094,263117.5045687858,266,Normal
2023-10-05,0.010179762095078648,0.054945177868465686,70.70802459772615,3.702267958454404,469954.01679094904,248,Normal
2023-10-06,0.002398168453833849,0.029833223021250656,80.2843521656285,4.200484808442749,220200.47560992732,238,Normal
2023-10-07,0.07155768483182746,0.05309769477306341,36.12394885438146,4.732439615079586,208266.71441157284,233,Normal
2023-10-08,0.0745104420941027,0.018908418166881425,52.10508962564987,3.6755010000715442,302377.0668473104,256,Normal
2023-10-09,0.09945259636482943,0.03430935753733741,93.15084260900727,4.192971782533819,343913.2229134717,246,Normal
2023-10-10,0.018812825928318556,0.04204849156915892,73.02834404794169,4.3899925284071095,274489.9716992234,211,Normal
2023-10-11,0.05201484137043804,0.008840916982353914,27.09650545312413,4.808506563582515,324222.67595792364,214,Normal
2023-10-12,0.08316884735608229,0.02840125030648397,89.21703336599725,3.9574911974950244,298995.4214875512,297,Normal
2023-10-13,0.0002958099883495269,0.003070795225376963,47.408248154103646,3.3195132175996296,401608.8794395725,264,Normal
2023-10-14,0.01740682540074302,0.027954368554819614,92.71831431209816,3.90890025214366,191607.5474688791,209,Normal
2023-10-15,0.07865212678396377,0.03146177983242775,76.767686770028,4.927947914676667,189138.693621002,285,Normal
2023-10-16,0.059225521676667406,0.014102759037197155,80.34054304545076,4.798345855894144,268800.44102679845,213,Normal
2023-10-17,0.02527206577376312,0.02918527935699228,53.76959967392857,4.599310965336629,468140.3070231802,294,Rouge
2023-10-18,0.05985073922053577,0.017215252562436934,37.054108275373316,3.9318545624080956,335883.8911180242,238,Rouge
2023-10-19,0.01577483207138706,0.042960967620560585,84.65256334072794,4.532112796513108,299672.41175547615,209,Rouge
2023-10-20,0.04383300759287362,0.02018753441715487,48.12057438300448,3.8578946346405854,335033.7915507421,248,Normal
2023-10-21,0.07578479517349813,0.00815863542064291,80.67693278511481,4.695036397820665,362099.2118125103,297,Normal
2023-10-22,0.09487460248081753,0.03590248628037018,66.7797964299868,3.716255244165092,129517.14510720986,263,Rouge
2023-10-23,0.0914965144371146,0.03989929236879271,67.73449938150281,4.299203619231736,191781.85347434256,219,Rouge
2023-10-24,0.023752429568468337,0.03904254077993481,25.99690653690842,4.849430874411898,121159.15185807669,216,Rouge
2023-10-25,0.07355972140221692,0.047942512022718264,93.38616219535103,3.061189473146124,292396.07941506966,297,Rouge
2023-10-26,0.02019643913885745,0.019968688309995652,92.66918235790064,4.938179162398706,232645.6483013188,246,Rouge
2023-10-27,0.07393172877042523,0.05082981260722904,90.053671629246,4.681835803622015,277997.09544743906,278,Rouge
2023-10-28,0.022439614544883236,0.037279330480930746,33.948498326569606,4.119039180811601,445658.2786760419,213,Rouge
2023-10-29,0.0927110304812584,0.04982248287873066,69.48753961547489,4.9236670030590375,429445.022904322,227,Rouge
2023-10-30,0.06987378506161128,0.020909828692040975,76.85465981654235,4.520560271742611,186033.70977236718,221,Rouge
2023-10-31,0.019880005764396958,0.027777523189048296,69.03616714530898,3.3347456997900533,372413.2916965515,266,Rouge
2023-11-01,0.07699195184244119,0.04605570528166028,68.02746729504281,3.2266251863186826,251600.8912027685,251,Rouge
2023-11-02,0.04170717376810671,0.0045604412457798385,93.40974260573043,3.9237885786540057,242193.1289377499,219,Rouge
2023-11-03,0.03184160137862485,0.030868212005622554,60.11545978458594,3.736990741458028,297203.6099575424,229,Rouge
2023-11-04,0.011378736272848734,0.010182730037406511,31.435366495084864,3.155834206466028,419285.191885494,299,Normal
2023-11-05,0.09173985948793907,0.014881742490293687,44.98109574998546,4.061848610003232,208291.3219240296,265,Rouge
2023-11-06,0.053597244728577666,0.04989134533724686,28.81473353764524,3.0160011738721666,374199.8031922055,257,Rouge
2023-11-07,0.04823414691444536,0.022422855842616624,23.737253912563013,4.264658912651292,163284.80387332215,273,Rouge
2023-11-08,0.06642500839659571,0.057627732035174024,56.093847989642725,4.773389473271522,222819.53641785093,264,Rouge
2023-11-09,0.07047602612120944,0.04114190860093297,42.89048192277252,3.6938872118552095,312885.7448793373,210,Rouge
2023-11-10,0.02865524702222262,0.017577485452325646,35.2683248755383,4.980440921155894,424224.81571196084,205,Rouge
2023-11-11,0.09316399140594299,0.026341970303092623,81.61382919112812,4.512805091785459,197555.28015434305,263,Rouge
2023-11-12,0.08721359835574483,0.03855244240055284,80.66421601288567,3.5885716388285007,320170.66205998324,237,Rouge
2023-11-13,0.026678884962205385,0.04458592704711606,43.09731734277886,4.420799178958426,296498.3606610144,280,Rouge
2023-11-14,0.036782270700211186,0.028519729332191854,29.412119632054168,3.44536229581436,154106.1839099776,263,Rouge
2023-11-15,0.04985657301467281,0.007465582072100036,79.30185207163672,4.982960727873402,340626.22541653714,271,Rouge
2023-11-16,0.08627855469196478,0.04861645273581978,45.963752456088834,4.95471867230554,301628.97747478675,283,Rouge
2023-11-17,0.038071689977381556,0.05969348719279772,52.1147661684762,3.3301584613830197,312236.83964700554,296,Rouge
2023-11-18,0.023269845632010434,0.02951821012904551,77.5482107511556,4.778609095289419,220103.084834604,213,Rouge
2023-11-19,0.0023577652966638944,0.026455536755694373,67.89648027788513,3.8493386327173127,356014.4942247949,264,Rouge
2023-11-20,0.03705146905896544,0.0230749062300998,93.4407411979229,4.368705044021716,426760.14472129766,299,Rouge
2023-11-21,0.025288937657561628,0.059132343773427715,70.60703691417768,3.9357832378989484,230386.69950578513,261,Normal
2023-11-22,0.052142530568742254,0.029155403489166464,60.850338359225695,4.390579542930712,492610.06405238307,235,Normal
2023-11-23,0.053896511025567355,0.019057618164507316,78.33747045488991,3.1796314291493966,419734.1250075721,254,Normal
2023-11-24,0.05622572525397307,0.017024687304230044,63.34023778737625,4.135918382532838,242026.00046772824,247,Normal
2023-11-25,0.09843698874167776,0.025207990533140972,55.46668024107291,3.452660659661988,335190.5746360391,257,Normal
2023-11-26,0.02465722871949018,0.05065593448054974,64.27449911589295,4.17544591557055,101483.66324519616,260,Normal
2023-11-27,0.01220360933447613,0.026136416855276796,83.77855101086928,4.277925304672405,276843.1019208064,203,Normal
2023-11-28,0.023672977310276046,0.03029533246545185,39.69069868666565,3.435004348899581,354994.2508223944,258,Normal
2023-11-29,0.03542730800847961,0.040431540239122724,43.83712579367848,4.976284332637754,309034.29012122436,266,Normal
2023-11-30,0.08313407668915343,0.03505775320828656,65.7416038857501,3.65314342204604,199721.35334685253,206,Normal
2023-12-01,0.06222046980298851,0.05689661812853362,74.4969265430306,3.3955429131196317,207528.64050777222,236,Normal
2023-12-02,0.07193873561350456,0.05285794125277552,95.1244860122297,4.168969919394749,342529.7178941819,291,Rouge
2023-12-03,0.029425635262743766,0.04414377661806285,38.06998792019249,3.7179048395877676,200819.22612269933,217,Rouge
2023-12-04,0.0978782473102021,0.05727557982261013,61.62799702160926,3.180345999367751,96117.37073262199,226,Rouge
2023-12-05,0.05011872535630083,0.05038499604938015,96.40331645615842,4.301234352804649,337107.45047170063,293,Rouge
2023-12-06,0.06795866873084208,0.052426641310914214,84.36163503979137,4.741069617757672,391092.6956320459,270,Rouge
2023-12-07,0.09675861941463781,0.02020307074755123,46.362218482118664,3.359943791091712,238097.71268062585,240,Rouge
2023-12-08,0.06705257401016987,0.05422108038543761,84.12062571131516,4.4576322150125645,350784.34829315904,291,Rouge
2023-12-09,0.05851374058762692,0.0038181182347810315,72.33320393108603,3.260753382079762,331541.039993847,201,Rouge
2023-12-10,0.06806445877396924,0.04431639357418098,58.0774044909007,3.3318356642066584,324158.5797687434,245,Rouge
2023-12-11,0.01745534768167787,0.05946320894463881,63.86253987765458,4.323433520060977,357197.3954874521,281,Rouge
2023-12-12,0.0756606645546582,0.059000069893563316,95.53874613237845,3.592536727769503,375495.42242137424,273,Rouge
2023-12-13,0.02691940180121487,0.025668539939260885,23.792018775977883,4.484795934122829,213930.9428328714,237,Rouge
2023-12-14,0.0560409206845515,0.033858073442046756,63.51367147571983,4.926486027858118,395896.5071737535,282,Rouge
2023-12-15,0.06314642218253062,0.04755657779933046,31.258807072745675,3.1888929221107887,404147.5779413869,270,Rouge
2023-12-16,0.004798781178251077,0.02609372718707518,73.01695629856513,3.9189338520537422,131801.6239591145,232,Rouge
2023-12-17,0.0396443371102641,0.023502873384936968,77.0374393774845,4.6309228004027245,480751.3883256595,219,Rouge
2023-12-18,0.0031294598389727257,0.057059364662734195,29.935299587256104,4.457404114767626,287825.45041899756,260,Rouge
2023-12-19,0.023233805500366835,0.015210618123958334,21.72808070464397,4.544097886204069,519377.35290996585,235,Normal
2023-12-20,0.016451468148499914,0.0402999449384751,63.29479181092255,3.523297696791714,261137.9853199479,223,Normal
2023-12-21,0.08936531793652262,0.023214173982343725,56.061809431806154,3.354294273354145,382582.0407897391,221,Normal
2023-12-22,0.03094237188520418,0.01705955159791309,49.280962958969845,4.641873165984695,321901.9604834584,260,Normal
2023-12-23,0.0361155270448323,0.00344871060197754,83.44056521761101,4.335794619573392,187261.5965626203,299,Normal
2023-12-24,0.0675220269957743,0.04574921536980532,22.19005186045017,3.594316549398905,213388.35551704845,224,Normal
2023-12-25,0.06566570465940338,0.015636996586646003,28.97173485502476,3.3426398868892355,139345.8015020212,248,Normal
2023-12-26,0.0459419149146216,0.02226916188192034,80.8610367771343,4.561458819583323,369829.320439994,223,Normal
2023-12-27,0.00212603570717711,0.0200044769766338,81.97754607743434,3.9933767355103313,439261.61256576213,212,Normal
2023-12-28,0.06962461274556346,0.020565093030516957,97.16821596358835,4.2745541726347955,337272.3006780728,234,Normal
2023-12-29,0.0987016825838836,0.04675184177038251,44.520362706471126,3.0370014436363797,273992.36455830175,223,Normal
2023-12-30,0.08512514978101861,0.05201839479261434,52.73744228243415,3.5666073821874145,364685.3710255423,282,Rouge
2023-12-31,0.02682573019611705,0.04882933149087275,26.326554547573515,3.203531121498378,457631.1259483201,237,Rouge
